B2_Blue,B3_Green,B4_Red,B8_NIR,NDVI,NDWI,Turbidity_Index,date
-0.26989170420523584,-0.26283176155694515,-0.22310232440419434,-0.3418497202661263,-0.6286046119809627,0.2771708997209948,0.6652415770011368,2016-02-05
-0.2083885091578327,-0.1133247278547962,-0.030070773095222315,0.05708709901337326,-0.07669616826959917,-0.21510498186658805,0.9264628403123863,2016-06-04
-0.31806408101171224,-0.26695095049996764,-0.21726738140863777,-0.15758121712449596,0.1874817224649542,-0.3971297370832065,0.8600664174942712,2016-10-22
-0.340139526084461,-0.30971386989770655,-0.2660784929903211,-0.29877821168626717,-0.12493171541907337,-0.1713329975113803,0.9004014357751224,2016-11-21
-0.3204285411442746,-0.31095420410895913,-0.28652261295395687,-0.3665116477614428,-0.3132248186364449,0.07334565741788944,0.536678602192984,2016-12-21
-0.26543317162006225,-0.2461748856730452,-0.22628243045467808,-0.2656130735600787,-0.2397988391193867,0.0965118816589433,0.2590304441193251,2017-02-09
-0.23263694992168896,-0.15943811259464138,-0.0914897941173168,0.021838509246882912,0.14092568245617723,-0.3518387252256438,0.8237228531443953,2017-04-10
-0.27688445040070014,-0.14826930783676567,-0.045008280344093904,0.10208944647670382,0.17840803344163242,-0.5248935316244473,1.3573455199452014,2017-04-30
-0.26972943359134566,-0.2364954264433298,-0.20569898699420663,-0.06620611466105211,0.49649829401309126,-0.5108598071842768,0.4249825522066642,2017-10-02
-0.3039627650883035,-0.2622312186845634,-0.2286286971795849,-0.10872006061830182,0.47124545981684607,-0.5272062193872481,0.5522252043146436,2017-10-07
-0.28905043769239513,-0.25480031462686104,-0.20938052230553,-0.13928210791289872,0.21457246009468178,-0.38505719631936647,0.7417559664008295,2017-10-22
-0.18392700935340256,-0.18023641234335838,-0.16628358557745682,-0.20423866036714883,-0.34927187047886743,0.2571865894994522,-0.007443481570352273,2017-11-01
-0.177517099598651,-0.1944163250514852,-0.18875332824552668,-0.21976678651750942,-0.27547689286682003,0.23215717427847843,-0.11438595397074058,2017-11-21
-0.2443692925909304,-0.23902063009613317,-0.2172738642366897,-0.2772171990657961,-0.3546221745946945,0.18019921199123096,0.272401878452796,2017-12-01
-0.30826474652692665,-0.31002250394958614,-0.2852915424994668,-0.33725883659140127,-0.17649564695616526,-0.03145833215644981,0.5393684012547023,2018-01-10
-0.33928720061151446,-0.3271535542910199,-0.3030777029615099,-0.36959600222822075,-0.20988771892198724,-0.018568379846988683,0.5837757880311377,2018-01-15
-0.26568926340225035,-0.24110947995693247,-0.18376602817708115,-0.20408848765690185,-0.23676261615731373,-0.0886773508358784,0.9084488762917435,2018-03-11
-0.28487079066333343,-0.21566865441629568,-0.14018659661360355,-0.08313953484667087,0.011686456667640907,-0.33932953379032,1.136027737801068,2018-03-26
-0.24679261757131418,-0.2169729861538361,-0.15327942897849922,-0.14066735961859056,-0.15079914978258374,-0.16188812203209776,0.9373460099241793,2018-03-31
-0.2618745752353609,-0.1826637821873107,-0.1084869508525652,0.003876136148421781,0.17149263313146543,-0.4233606297413792,1.0001848614173363,2018-05-05
-0.25666134741234653,-0.1963262661752578,-0.1141647018229994,0.04787178369946424,0.37670008809827815,-0.6273799564081318,1.1809226080619082,2018-05-10
-0.22175171098567992,-0.14992525219400152,-0.07130300787379629,0.03959250073607753,0.09171631665254742,-0.3537959946807975,0.9666742516510326,2018-05-25
-0.3877226771529786,-0.21658940899386483,-0.07425713439015427,0.034751396834264967,0.09013345155586812,-0.7014259677267829,2.2920531141916585,2018-06-04
-0.31578040204001495,-0.2773042763376209,-0.2469225905952792,-0.14104768677908341,0.4570154174548447,-0.5131515301583245,0.5405250471463502,2018-10-12
-0.29728179358632745,-0.27041098981505546,-0.23360497278971964,-0.15011014212024543,0.3284709341955292,-0.4422982113469972,0.6365198121474805,2018-10-17
-0.3321917954043949,-0.2991658989222029,-0.2645201275888277,-0.20426851436512122,0.3010539994462964,-0.43683331866161834,0.6918279252514109,2018-10-22
-0.26181590432855806,-0.23509253820175463,-0.2071296158078832,-0.25240364665786585,-0.30548334164550184,0.11448636406511041,0.37109656775710326,2018-11-11
-0.3898965291181322,-0.35546503216428876,-0.32500914804338177,-0.28086068355506894,0.3810877361552559,-0.5307456570675816,0.81249003188375,2018-11-21
-0.3234403167504416,-0.3268451810212115,-0.308087776128398,-0.30187267702917153,0.1584052481810056,-0.26905592714301335,0.4787587028398554,2018-11-26
-0.37584526562338655,-0.3574783171697096,-0.3286495365835678,-0.339999265804244,0.12430009379135842,-0.3291320435425838,0.787128276709153,2018-12-01
-0.3070548511816697,-0.32081441552198375,-0.3167447571697567,-0.34623896954207734,0.006009518227932112,-0.06645227431846921,0.17416179680602395,2018-12-16
-0.5370507107808128,-0.581840496255064,-0.639051323773673,-0.8121245151927802,0.09421624461485306,0.05360320625025289,-0.46582157512137007,2018-12-21
-0.6608355230859368,-0.7596504092873182,-0.8113592935269212,-1.1268307358067704,-0.4990936935823562,0.20999361390247775,0.5538886385512944,2018-12-26
-0.6462758573877667,-0.6791075602787191,-0.7153234254345946,-0.8982797244298324,0.32692910748221043,-0.43395340681583344,0.6106945470873778,2018-12-31
-0.5232708903963048,-0.6021451768396632,-0.6628139228490582,-0.9438934929243824,-0.6856131549766348,0.6613816789580755,-0.5026885001195234,2019-01-05
-0.4382368608030993,-0.5084459511035234,-0.5402290583326436,-0.8967599913433253,-1.585436140593964,1.2079505762377656,-0.027854279832359177,2019-01-10
-0.7087025236228088,-0.7353059891972777,-0.7558548687080279,-0.9384825277904001,0.5212325779263859,-0.846827017640638,1.5990828267240376,2019-01-20
-0.5238591073150111,-0.6090435004329385,-0.6728859262888682,-0.8448822970483589,0.2328076488928296,-0.019745918173449145,-0.575250222514092,2019-01-25
-0.1695644747599188,-0.2558452075884265,-0.30737896513742907,-0.600295279651821,-1.4553033874968935,1.4029244946150992,-0.9998876796063728,2019-01-30
-0.6325385361626068,-0.6985888520634365,-0.7395163718874337,-0.8735062082572971,0.8304456753932924,-0.8029638153514527,0.5644808568728381,2019-02-04
-0.3356264295787771,-0.31521493921280536,-0.2928553986850657,-0.2790157922158961,0.15735580528520854,-0.27724879580542044,0.5107495419325151,2019-02-09
-0.3849201987835107,-0.46321729363042985,-0.5113259009226945,-0.9490756105392755,-2.299610682496142,1.9115838309778088,-0.5539023347480894,2019-02-19
-0.6653090777883554,-0.7141515257611027,-0.7387373789342085,-0.8458745050107016,1.0306982462745007,-1.142448065952127,1.265797026537584,2019-02-24
-0.6522492821804962,-0.6722251390384969,-0.6837034935834245,-0.7384177538430587,1.1170116777831223,-1.2427745852659566,1.4022856420072702,2019-03-01
-0.25031620352762624,-0.24474231530788482,-0.2134735041036688,-0.19548274358748596,-0.004406398803289348,-0.13922458391569403,0.45738184653978764,2019-03-06
-0.546010272176947,-0.5636735224022792,-0.5695575426638265,-0.7631605000444216,-0.2835588216959874,-0.047451702701422536,0.8878630896563935,2019-03-11
-0.588124098750993,-0.6125774118142109,-0.6175480946994513,-0.657358521491376,0.9085863331494195,-1.032460099103419,1.196682271889863,2019-03-16
-0.6050044877853186,-0.6253665450576701,-0.6346752340049168,-0.7515365814639515,0.47663388621110714,-0.6936286764797075,1.1466663139569124,2019-03-21
-0.6091528284964852,-0.629917531754019,-0.6180858608227942,-0.680302129648178,0.7698544203144319,-1.0926359632646514,1.8294485011747104,2019-03-26
-0.6239638629426063,-0.6192363091700238,-0.5968414486405856,-0.6473271943509477,0.7563430821398452,-1.1430546387617448,2.068257135439666,2019-03-31
-0.5994521633795297,-0.6227206451912592,-0.6137208371124782,-0.7324819197542752,0.38164556938358746,-0.7651195970887462,1.6880676936517016,2019-04-05
-0.5809986281225515,-0.5728928855825262,-0.5594033772739831,-0.6103282195575311,0.6090011466750564,-0.880915446201282,1.4771052014052162,2019-04-10
-0.5632454337695841,-0.564794378657518,-0.5492142822096288,-0.565708145379165,0.7733210558105488,-1.0060582800619382,1.4835986112769792,2019-04-15
-0.5503520881230968,-0.5459710545690913,-0.5391651397379157,-0.524518381660092,0.9111247620432851,-1.0180605290253344,1.135039312078274,2019-04-20
-0.5423343140956123,-0.5664869250403128,-0.5700449382489591,-0.6603836149897557,0.40539032669661096,-0.5912811032257062,0.9668822216639327,2019-04-25
-0.23703352340341713,-0.15785687159423764,-0.0893348646324952,-0.002819801250198565,0.03106636110614121,-0.2697563470789664,0.8281963506867998,2019-04-30
-0.20948921375347027,-0.1794511959971371,-0.12563886473199962,-0.024664724275092927,0.16145822008417265,-0.31980386872310407,0.6518260314294971,2019-05-05
-0.5243490844696918,-0.5068566587434528,-0.4931026818789326,-0.5070497023150466,0.5873995310700024,-0.7662045727877116,1.1055846982033397,2019-05-10
0.3164020259250123,0.26824274261696485,0.2061635507604033,0.20929614664547155,-0.7353461570356353,1.0314680133714746,-1.5677262397251805,2019-05-15
-0.5472752806706422,-0.5451820174978599,-0.5402941667772954,-0.5238114287528637,0.9256352248395069,-1.0142911824906051,1.079679664381707,2019-05-20
-0.1858373740274802,-0.11625277671533427,-0.051498905873742666,0.12978553698133413,0.317952246089412,-0.4372990994625747,0.6472613463407104,2019-05-25
-0.5510259242977121,-0.534332927735624,-0.5186719978442865,-0.4748848604443221,0.9915751524553774,-1.1228499786596793,1.3031955680467178,2019-05-30
-0.5400201798648461,-0.5599458465006188,-0.5666731286225711,-0.6386884997130591,0.5074202267772379,-0.6353744466480676,0.8453336221581844,2019-06-04
-0.5629726487178731,-0.5634404532057767,-0.554688569927262,-0.5817303725520501,0.7328144837457541,-0.9242807285079945,1.2878853568514261,2019-06-09
-0.5285160386294496,-0.519593418381717,-0.4990997019431723,-0.47888987348995865,0.7939063714595712,-0.9851250526846023,1.3444490818940782,2019-06-14
-0.5335121718089307,-0.5150440759125051,-0.5102887172018259,-0.5080929330939488,0.7358061388492151,-0.8284061689274596,0.9203502254333751,2019-06-19
3.2195033992344277,3.369845125284505,3.4327315748427867,3.6494226905907774,-1.7791919111993222,1.8292210071484774,-1.565333515893665,2019-06-24
-0.49825339265468455,-0.47308543710106193,-0.4656781076175406,-0.4768198229912269,0.5125329780977946,-0.6239835272720963,0.7895093964111327,2019-06-29
1.7676169951340004,1.8237177608564017,1.8372616772759325,1.7459310163277602,-1.915508215070838,1.9109426687691293,-1.4957278635054592,2019-07-04
-0.1309176085797474,-0.10848313624830176,-0.1029772389282913,-0.22079840273584547,-0.8162817611880381,0.6974379471727684,-0.2897901120527246,2019-07-14
0.5928694817303887,0.5938519506922216,0.5742250802390867,0.44362212845943194,-1.5117852489548662,1.5391371601541723,-1.2961490229485912,2019-07-19
-0.20009329842773296,-0.30785529251776494,-0.3999549196269429,-0.6009000941562479,-0.7464374910192999,1.0827912475535806,-1.7002227252139843,2019-07-24
0.9234656537460446,0.9224561620864963,0.9106761295853932,0.7717105778624066,-1.7146137109755228,1.7208955088332614,-1.380544651102248,2019-07-29
3.787799790322266,3.9271775280548393,3.9482710598714323,4.155335487756779,-1.8822026711534041,1.9735549543754065,-1.769137531793965,2019-08-03
-0.5107556244553415,-0.5093733189155827,-0.5259320355630721,-0.4979742515722506,0.9338936933358387,-0.8241365307013718,0.3575394843161639,2019-08-08
0.4446123392372215,0.3869540941702415,0.33954854872196927,0.23492244049369365,-1.2537187811728028,1.3951488634997236,-1.4638192311698595,2019-08-13
-0.5858133651700693,-0.6950890897502616,-0.7652083373392816,-1.0214072647011814,-0.09118454912744507,0.20211041347625963,-0.48802476756043306,2019-08-23
-0.44151936568617234,-0.5298361106758326,-0.6280803330859617,-0.9292682217290978,-0.9519705690096086,1.2325361549162464,-1.6761948708569534,2019-08-28
-0.4598746135902366,-0.5117171700509823,-0.5590660167940597,-0.6023282656033945,0.6535711910912996,-0.39117552028093705,-0.40891500098734185,2019-09-02
-0.18809044258729288,-0.3315774957627464,-0.4363430453722983,-0.7441233126771203,-1.375174041909774,1.6406372889063878,-1.9344016646048492,2019-09-12
3.879015653401677,3.708961819114642,3.475084618088589,3.3999744316445675,-2.1750587994372648,2.4697889232429926,-2.5947906525742797,2019-09-17
2.651388362230835,2.7726944969088816,2.8077904475236246,3.1333553013700217,-1.4806850452139726,1.6062452150183313,-1.5808259947995982,2019-09-22
1.6004775998411453,1.6945484609104418,1.7518589796675328,1.734601263789318,-1.7418287017267537,1.6893991937460606,-1.2152477206811076,2019-09-27
0.1474045987419883,0.14137727905359584,0.12228245635091438,-0.004632658503824177,-1.133519419486657,1.1469094735494345,-0.9683714763457505,2019-10-02
0.250338605726362,0.2247173484461852,0.1692286626518592,0.23830013881843234,-0.4545288838652094,0.7846992266706836,-1.4700957572737952,2019-10-07
-0.6541014440138283,-0.7016962417485967,-0.7248678165781329,-0.7532959427224032,1.5107772359442615,-1.4907795434364075,1.2201216230853933,2019-10-12
-0.48751419815124586,-0.5308385313385875,-0.5827480436385747,-0.7163601552978104,0.16961077738056976,-0.0023119832199703515,-0.47176936023040095,2019-10-17
0.342031304256217,0.29428002378722506,0.21476388813410324,0.20003740900269784,-0.809397308275374,1.1549913393452251,-1.773782886844472,2019-10-22
-0.5324535507847417,-0.5780773643159229,-0.6284696151945707,-0.7245507754196003,0.5920461537352097,-0.3803128565884652,-0.2855864376442644,2019-10-27
-0.1027956959630507,-0.16442216692299375,-0.2583270389067195,-0.5184454028850001,-1.3246229757828778,1.5594000778876256,-1.8043271228182574,2019-11-01
-0.5861419592762295,-0.6283655866750136,-0.6760154138983391,-0.7738113946176753,0.7864166379502643,-0.6066825944153125,-0.015688639018308147,2019-11-06
-0.2261796589091224,-0.26630015048685607,-0.34405803538357077,-0.5193802644005566,-0.7061156126527478,0.9754999855238583,-1.4631403190473065,2019-11-11
-0.5561291979931783,-0.6011112680801219,-0.6593798853746113,-0.7984753136028602,0.42103508888950514,-0.20542670386905004,-0.4355978445624123,2019-11-16
-0.5706990353273996,-0.6674811732270017,-0.7450780746324414,-0.9899878481412577,-0.07310075111486564,0.29351580666348814,-0.8355529639377949,2019-11-21
-0.36816644964937734,-0.43558218847315444,-0.5150487786955513,-0.8422169506225745,-1.392328244355257,1.4566646993010381,-1.3241214694361478,2019-11-26
-0.5464615722771428,-0.611756340992211,-0.672219568652638,-0.755848686630849,0.8666778202045964,-0.5373963347763623,-0.46607656588070473,2019-12-01
-0.4364241485288162,-0.4925219952010878,-0.5693313776270926,-0.7346730499825268,-0.08864278265263852,0.4127298447351668,-1.1822375100913087,2019-12-06
0.7305406643122646,0.6748444442013778,0.6021964924230808,0.5100226017987465,-1.408495825280576,1.6236680131061476,-1.8048334789494447,2019-12-11
-0.3217225032394307,-0.43014323882400307,-0.48469725680934905,-0.7269795693452764,-0.8360838111911683,0.8591746526091399,-0.7740613263371804,2019-12-31
-0.5697646672620832,-0.6284052458159073,-0.6871786540575061,-0.8653757956605189,0.24366317579249858,-0.09263029029259182,-0.35836190168661214,2020-01-05
-0.6105466532671563,-0.6841563405642193,-0.745099021994667,-0.8609447133736987,0.999344269957343,-0.7127737113916524,-0.21182460682723384,2020-01-10
-0.5643046134742898,-0.6264059776556309,-0.6868382160171193,-0.8354014468636211,0.4682544626912976,-0.247238715588404,-0.4163593691641038,2020-01-15
-0.6650450321427137,-0.7124690821981123,-0.7540497500270434,-0.8799164879192054,0.9710028385778308,-0.926914580337935,0.6283472620564573,2020-01-25
-0.6604691968580896,-0.7256345017925218,-0.7661187141078403,-0.8802165366806024,1.1302201636142093,-1.0823950124345438,0.7577378663206079,2020-01-30
-0.6458645475998167,-0.6748048224367423,-0.6944123610179581,-0.8215591140830101,0.6611850787467684,-0.8329111578915415,1.1469158861313768,2020-02-04
-0.4116598347578987,-0.49589400565435116,-0.5109790471238481,-0.8078432370860886,-1.17082571803404,0.7833454283465991,0.3409056191919286,2020-02-09
-0.664019789834741,-0.7004830567863836,-0.719693519691079,-0.8288981227765748,0.9157760472572777,-1.0788088937086047,1.3524832645866611,2020-02-14
-0.621275309439338,-0.6861543032846267,-0.710342339491335,-0.8899049671892011,0.33205425528082766,-0.5638289631133172,1.0701966662558944,2020-02-19
-0.5595850496410324,-0.6223779890209123,-0.6557107362890436,-0.9334259922930496,-0.6777202830323934,0.3911959713027635,0.39567348802378377,2020-02-24
-0.25034002730763755,-0.3432123299357805,-0.38788324941539487,-0.7461322865722038,-1.7876096995325872,1.574239988130849,-0.731793184448631,2020-02-29
-0.6275388403354927,-0.7108201365127977,-0.7521254236333896,-1.1456607378859567,-1.5670122749719129,1.0039313563004189,0.6277857455398226,2020-03-05
-0.6532665500900837,-0.6782876759769071,-0.6823254116738188,-0.7080208875585996,1.3004735797065738,-1.4566609109627613,1.7021267425951971,2020-03-10
-0.5651513655060764,-0.6004467265343159,-0.6330046276386587,-0.7048148335384777,0.7710275299756744,-0.68843900356662,0.3144757099395415,2020-03-15
-0.5583223893004527,-0.6202698435811073,-0.6362220086769723,-0.8024343602894486,0.13392849397741774,-0.371022366214872,0.912798497748342,2020-03-20
-0.6828503444776872,-0.6782005189378438,-0.6789548250062855,-0.6916277656593164,1.366536007803296,-1.5338247350881573,1.8132531711509414,2020-03-25
-0.6067750229401307,-0.6111566091444229,-0.6048231564591792,-0.5491760259485082,1.4144510685001328,-1.4968497628434894,1.5249945863405898,2020-03-30
-0.5326585780595021,-0.5392843116531666,-0.5475826848773375,-0.5404335679091758,0.9016124838238317,-0.8941549484274791,0.7007066989022357,2020-04-04
-0.4055340319730228,-0.45552114055690734,-0.49516780942293337,-0.4910621572414965,0.693210876593211,-0.43108666052135125,-0.37624722102483515,2020-04-09
-0.5566785693405805,-0.5666224097386823,-0.5714231228854109,-0.5006797968352357,1.3488635382819993,-1.294173466142361,0.9333643947490443,2020-04-19
-0.575606720971602,-0.5719035869994495,-0.5706930189964625,-0.5070631574873138,1.3073423924637477,-1.314509956947286,1.1292539933627146,2020-04-24
-0.5381294394143205,-0.5510372502789868,-0.5542013148486835,-0.4882864740195075,1.250184795328161,-1.2098296398196262,0.8956116249775299,2020-04-29
0.21146378485747266,0.19048520634648586,0.15141621982346787,0.23782352080358216,-0.3688493578501994,0.6503294718947269,-1.2538848237267628,2020-05-04
-0.5498366137544669,-0.5668927673299747,-0.5643574384159631,-0.5150704764368672,1.202568618003711,-1.237849001406931,1.137129718504576,2020-05-09
-0.5382483568764752,-0.5394634329925853,-0.5381234810318888,-0.5128942994583653,0.9655225958595615,-1.0112150713851367,0.9554466215299365,2020-05-14
-0.5631184793263959,-0.5484655650898109,-0.5415262212021509,-0.47293459803566285,1.2125082017270667,-1.2493415337321327,1.1524610107278925,2020-05-24
-0.16698673263609864,-0.16256188834153437,-0.1916077940153095,-0.13478186939461256,0.11824117010419817,0.12009037458864916,-0.7478126120009573,2020-05-29
-0.506230289130505,-0.5148463101845008,-0.5325127381037718,-0.4828722415576366,1.0759583965457558,-0.9302945894164042,0.35159610858003515,2020-06-03
-0.5337717062886762,-0.5659689460776096,-0.5896916979540395,-0.5574048381259277,1.215789423866458,-1.0521389118522921,0.40885256528547326,2020-06-08
-0.44113843227707683,-0.4739313001916212,-0.5160314136123281,-0.5537173492035076,0.53200736863894,-0.3053398451131947,-0.38469085142544673,2020-06-13
-0.5406740306618778,-0.5501736735088778,-0.5500229390252925,-0.5252872476272945,1.0092823273958902,-1.0507739626053945,0.9800174285613883,2020-06-18
-0.19548310103184227,-0.1699762770936021,-0.1643258296608343,-0.14210616033070245,-0.0875386856393435,0.10402507085900801,-0.16687019262836775,2020-06-23
-0.45782781189795213,-0.4441403341230594,-0.44900504856234225,-0.4082497175236542,0.7302617405344289,-0.6777367883941733,0.3869077579447099,2020-06-28
-0.455695074125101,-0.5070834580812691,-0.5518389616091177,-0.6382637022321057,0.3655464520776919,-0.18621790087705115,-0.3570150001988402,2020-07-03
1.5634217905812293,1.6120477293209527,1.6313953948020883,1.3904849970753979,-2.1857297642170144,2.0887332533809833,-1.4068800631664784,2020-07-08
-0.526718780031924,-0.5080514750119097,-0.5252534814486074,-0.4482151390639125,1.1917199170879083,-1.0138391221364382,0.33613879802647934,2020-07-13
-0.4615952449501757,-0.5013225068136228,-0.5686384642522453,-0.49441946152742944,1.355521493161683,-0.7739205465312214,-0.9328758765574849,2020-07-23
-0.485498496123736,-0.4895172599693144,-0.5194502950566023,-0.3846555599178654,1.4598557818817295,-1.1112818907450588,-0.0453089492352396,2020-07-28
-0.5303146068992717,-0.5263556370588527,-0.5554864760813705,-0.4550194615273099,1.4372998665619299,-1.135670538837153,0.10317638232191574,2020-08-02
-0.47376827344170486,-0.49236220308997586,-0.5283501788187022,-0.44277410228000863,1.2481778814236277,-0.9106287564394578,-0.1840450764388379,2020-08-07
0.4028743719884907,0.39464519373077944,0.3765395681374186,0.11722881565868272,-1.8430068472573498,1.749979018743277,-1.16206277400183,2020-08-12
0.5021949650775479,0.43353854539595776,0.33629586106104903,0.45457150286502845,-0.5038948449678351,0.9923691265317259,-1.9927208409066202,2020-08-17
-0.5690370223961048,-0.569026169245721,-0.6045610794755314,-0.5469002275820402,1.4244831868138963,-1.1238371730473928,0.09567662163710022,2020-08-22
-0.27240783534159096,-0.33485770251458374,-0.3954942045863103,-0.47483703614297235,-0.05811397099696729,0.35186306936651174,-1.0621310325993008,2020-08-27
0.5461665288817948,0.5435453259900754,0.5115256824234728,0.48812995233942397,-1.126735281243122,1.2733747712621484,-1.3867744253510979,2020-09-01
0.13198295061191043,0.07570310873555779,0.0009143934452139372,-0.24246129125149427,-1.5173974193493285,1.6512172602605715,-1.633323151503115,2020-09-06
-0.5652792792239206,-0.567764278069583,-0.6007652507849831,-0.49550121670170677,1.6656142568777157,-1.32504561111378,0.1606675381991602,2020-09-11
-0.5557394306521384,-0.5846656229973319,-0.6223497601412266,-0.5753477428435287,1.4471132216281855,-1.1417654276403126,0.09827577241302687,2020-09-16
-0.5547049169855859,-0.6017737203103302,-0.6671595303365393,-0.7816528225122013,0.6295697530314472,-0.303627439973793,-0.6421851439381053,2020-09-21
2.120896324939847,2.1574982478201803,2.168167995031343,2.0415853104085855,-2.0580094880784463,2.0472505189657237,-1.582153970711591,2020-09-26
-0.6240100196014133,-0.6289609502319178,-0.6489394079553391,-0.6014032631605349,1.579591033031306,-1.4433376890455756,0.8405826935165945,2020-10-01
-0.6399724665598848,-0.6664659516824267,-0.6821426788682947,-0.6334172722290279,1.7598923415161507,-1.6772387523133436,1.2197881387458207,2020-10-06
-0.6302560169256111,-0.6468676261044535,-0.6670850975204234,-0.6799520255255008,1.3055423706038405,-1.2636722627652157,0.9413463929202357,2020-10-11
-0.5947440088193843,-0.6429291472831172,-0.6747078760418986,-0.7049142275897425,1.2331071353928351,-1.1039872344487955,0.550401035833447,2020-10-16
-0.6282232425472243,-0.654767500449616,-0.6798882444251303,-0.7092034522864092,1.2647702300884511,-1.2039633442422313,0.8323869890216077,2020-10-21
-0.4066873584713665,-0.45640867448114303,-0.5065159158798854,-0.626318150646967,0.01367186020417595,0.1604720374648181,-0.6165180326294644,2020-10-26
-0.6104889673851607,-0.6485802645604684,-0.6802785605940538,-0.7447886639879653,1.034577539030026,-0.9629236944980285,0.5840443981343609,2020-10-31
-0.5139570812234394,-0.5727024489013856,-0.6164931566383982,-0.7239702319112206,0.4681170389759638,-0.334011365610282,-0.1196127324717299,2020-11-05
-0.4272666401719095,-0.43870646857716306,-0.4667699551795881,-0.656601110541273,-0.5311625981656384,0.4402316237738627,-0.15761641959974748,2020-11-10
-0.36608905775418826,-0.4361285972701719,-0.500987264860771,-0.7147607406984717,-0.6059305699366863,0.7508932164926588,-0.9942391869767272,2020-11-15
-0.6269146830493582,-0.6773756721291067,-0.7261506316485192,-0.7881161450250552,1.2886153284590218,-1.042209437504051,0.17330348400376297,2020-11-20
-0.6043577247991555,-0.6543883519963144,-0.7085072339101869,-0.8297963117223741,0.7710814545387138,-0.5678106154497408,-0.11041186678254579,2020-11-30
-0.5245352235189207,-0.5843933638382383,-0.638568664660215,-0.809886632102057,0.10532445422634575,0.01708808685219244,-0.37165612286276867,2020-12-05
-0.5974686640359711,-0.6474413107177611,-0.6999270861821036,-0.8765993014244329,0.3094989457098379,-0.2223875556456161,-0.08716994140647358,2020-12-10
-0.4536655801205281,-0.5147745645246192,-0.571319952021942,-0.7171844169998134,0.04926527754102439,0.13821603731112542,-0.6331027163387185,2020-12-15
-0.6143596122624352,-0.6857300154431489,-0.7582250414981155,-0.9526827145303788,0.43249868563972,-0.16378263770993848,-0.604944722318201,2020-12-20
-0.6294186408827697,-0.6955016049254453,-0.741981355188809,-0.8733634367328382,0.8635030195096506,-0.7684225139023608,0.34935782412608385,2020-12-25
-0.21822179277359693,-0.30768520869191734,-0.3736290883609979,-0.6616082614735214,-1.3356682713878736,1.3742812359233656,-1.2006162851337283,2020-12-30
-0.611276817410679,-0.691965852392161,-0.7653866503434921,-0.9325394907982828,0.7000486310536723,-0.3655665042395822,-0.6155902341700611,2021-01-04
-0.3979754255320945,-0.4857426673846586,-0.5639714193704279,-0.9007032819655894,-1.384486409757077,1.4199767479567296,-1.2271130968999404,2021-01-09
-0.4141021851893084,-0.47305581271661434,-0.5394329456534248,-0.7196464275696497,-0.2790598075249912,0.4909343705217015,-0.9639384916358027,2021-01-14
-0.3310545200515275,-0.4073188141854472,-0.4942694164625708,-0.7506598161985076,-0.9130929935748267,1.1523814965092887,-1.520039982565378,2021-01-19
2.4649422277693165,2.62178083912815,2.75747859605601,2.798720633624715,-1.8928141893712616,1.7766414543590596,-1.1257317623587972,2021-01-24
-0.6706109923948966,-0.7075989253953505,-0.735440009764776,-0.855730959257618,0.9141819703542244,-1.0100529548124026,1.0961916726897747,2021-01-29
-0.6469389808471833,-0.7027308628791039,-0.7217047623350662,-0.8720959541022791,0.6141745864705407,-0.8589964953417609,1.378848275897506,2021-02-03
-0.6294014495596703,-0.6759183087306299,-0.7150786040140915,-0.857569014184681,0.6433267038093631,-0.6410123268298722,0.491931982259867,2021-02-08
-0.5247466765974728,-0.5861671618080293,-0.6217761003240876,-0.7916540280498016,0.0549826777555657,-0.10073901929755451,0.1635977109364756,2021-02-13
-0.601602928866498,-0.6439886696600282,-0.6762045968461022,-0.859282077254061,0.16120589631638796,-0.289019449945967,0.5422839311554447,2021-02-18
-0.7168578777796852,-0.7534360233843753,-0.7606375279853691,-0.8861479942830782,1.0102328370047302,-1.393003762643115,2.3134010743887075,2021-02-23
-0.5979528480583202,-0.6105614815149935,-0.6202951052171113,-0.7570598040324366,0.2834407603966236,-0.5194407136204757,1.042015135509758,2021-02-28
-0.330754171906571,-0.3055855180209963,-0.25433720292707734,-0.2361079415922391,0.08710263737602253,-0.36767155644356214,1.03028728949937,2021-03-05
-0.7068256514219489,-0.7072752998157759,-0.6998273396883243,-0.8049354590088944,0.8469891427402223,-1.2868190681022695,2.374569963013477,2021-03-10
-0.467456421570157,-0.5021952388698516,-0.5091437339665537,-0.6834252271817297,-0.32374592259264745,0.07258374209345587,0.5677249226168192,2021-03-15
-0.6260147452191287,-0.6148776033658568,-0.607454861186344,-0.6717664949932498,0.7127905008284592,-0.9866393711294386,1.5836500657725439,2021-03-20
-0.5400090606883854,-0.5710193935329488,-0.5743763668847754,-0.632270857094625,0.6228947187696239,-0.7638918086445942,0.9973041892099205,2021-03-25
-0.5994637353023367,-0.5973985775881018,-0.5844253302212451,-0.6004404122157131,0.9143603903116551,-1.1485056172520403,1.6253409402218193,2021-03-30
-0.5907249387612955,-0.6099823973362483,-0.6016732593177031,-0.6141432311150061,1.0073128052242195,-1.2053442832484602,1.5757069554766552,2021-04-04
-0.6108511413194854,-0.6047757808051699,-0.587199881296869,-0.5567812056478787,1.1944620938747617,-1.4055318849603853,1.8128778761115596,2021-04-09
-0.5616487685313792,-0.575668363548105,-0.5671256119373268,-0.5728292895667406,0.9049467734999431,-1.0716987813684355,1.35639902450427,2021-04-14
-0.5633896134348072,-0.5615376950603185,-0.5562835684860439,-0.5339056216265655,1.0210692984877296,-1.1129372323936062,1.1810065093514794,2021-04-19
-0.5587444985066458,-0.5560813984325049,-0.5384590938819614,-0.4059238525819879,1.5276600272728014,-1.5711827748347618,1.4847824676483317,2021-04-24
-0.5383779671708004,-0.5543920697639776,-0.5585881981525957,-0.592161933086351,0.7092011197053033,-0.7988058580463496,0.8852180538827216,2021-04-29
-0.3738485101666895,-0.4235179066444648,-0.45555526287889175,-0.48079742310491874,0.40448184603108556,-0.23613337006799975,-0.2885230797265631,2021-05-04
-0.5400036505488232,-0.5647312365117197,-0.5729201166373898,-0.5622857957821086,1.0221148947047065,-1.020273844433063,0.8301267900222538,2021-05-09
-0.5279641085643962,-0.5443021678500253,-0.5513536528222241,-0.5323385846664425,0.9827535155770706,-0.9710385494331168,0.7579014538403712,2021-05-14
2.1616000167924265,2.62422157271494,2.971682730134984,3.34186241068538,-1.464266895842952,1.1729144905834947,-0.2223443404421224,2021-05-19
-0.5435332007618962,-0.5409810519622918,-0.5411194402969987,-0.41718958435361947,1.4958892947200504,-1.4024237698462019,0.9242872885161295,2021-05-24
-0.5375411938119005,-0.5261285314359352,-0.5329283836565297,-0.48594109125379703,1.0633802552604896,-1.0103189366491991,0.6780192704833814,2021-05-29
-0.48432611288304295,-0.5125705552894986,-0.5391469439269878,-0.5207091534258937,0.9320509832713113,-0.75548017407757,0.1176370294816504,2021-06-03
-0.4987666362126655,-0.48295657535935005,-0.4946436630964783,-0.4510458663114652,0.9019724120562733,-0.8043216944657293,0.3734033088720993,2021-06-08
-0.36918470649518753,-0.4057656030515472,-0.4399760779062436,-0.43675562926241834,0.5077336815280306,-0.28776614951877516,-0.3813368649522133,2021-06-13
0.9252002524448442,0.9304215324989089,0.8891610224012593,0.8977057111362863,-1.3019766580812253,1.4796739875227742,-1.6119977195685242,2021-06-18
-0.5181821916129089,-0.5283248961620088,-0.5410699921779456,-0.48348345309248086,1.152234511634242,-1.0384172452421603,0.5344061803755357,2021-06-23
-0.4804437216990201,-0.4898158657651794,-0.5089504449163971,-0.44850519724394006,1.0426443983368223,-0.8680083598964299,0.21877045513342308,2021-06-28
0.6136399097439272,0.5956749787343504,0.55717018592262,0.7435319596082169,-0.5471807570486021,0.8561883926657042,-1.471283623047659,2021-07-03
-0.4933668384328122,-0.469287389425124,-0.4713401940174653,-0.42907467457142273,0.8130818633220406,-0.7856036548450116,0.5492312589484455,2021-07-08
3.990188082578064,4.182135413413892,4.235499874611458,4.607445742015382,-1.7406421167041626,1.8408942118452112,-1.6928571574018436,2021-08-07
-0.5136598348309882,-0.5206815533698183,-0.5535965355891316,-0.4591707912246199,1.3979139463723604,-1.072815052324298,-0.014377822734045488,2021-08-12
0.325931372672083,0.3545815542246066,0.36129157451556393,0.3622848516018227,-0.9119501902640317,0.9463334666824433,-0.868470175284331,2021-08-17
-0.5301932363276843,-0.5260648616079387,-0.560247633186621,-0.45167620879018494,1.4996693070259124,-1.1464199754504978,-0.028124583560216895,2021-08-27
2.609514161031554,2.6866849662574013,2.6821141102735515,2.8461731405855986,-1.6865702146419583,1.8127138246130914,-1.7332386982706927,2021-09-06
4.314333641997198,4.5284213184050675,4.601824356801676,4.706776342894473,-2.085583398639866,2.0957500395366515,-1.6677420099321743,2021-09-16
0.7529436115543421,0.7026643635477463,0.6339421695743251,0.6759532781481832,-1.029445273607258,1.3245900595045468,-1.776837587888,2021-09-21
1.642789817647577,1.7208914069642771,1.757349982571142,1.537965969961626,-2.1627831774189965,2.0505248289556364,-1.3414268759620986,2021-09-26
1.7850633099300002,1.7843276461118716,1.7268983351206095,1.7318796561181615,-1.68882224364986,1.8608501415982095,-1.875792416525908,2021-10-01
-0.198768755582261,-0.24530760977425986,-0.3194292193485796,-0.383391058150563,-0.16036685460706437,0.5414804043606,-1.4158402536197374,2021-10-06
-0.6540013411122121,-0.6911133026504567,-0.7288617293702833,-0.678651727403206,2.0377805950078236,-1.7330800907869066,0.6306924390270405,2021-10-11
-0.6269272331519953,-0.652021897326338,-0.6975498307580407,-0.7009169337973848,1.5233156087243798,-1.2159533108966158,0.1569247616943843,2021-10-16
-0.666668239268763,-0.7036422648632964,-0.7474029724754612,-0.6538591057729712,2.4156247225884107,-1.9819873337668914,0.4938408510797023,2021-10-21
-0.6569453729573336,-0.6958989209414636,-0.7519319838888926,-0.6932893848804941,2.23498866478455,-1.7172219095443857,0.01352256696287755,2021-10-26
-0.5720592962415193,-0.6336009221184778,-0.6921820987958938,-0.7019376205235909,1.4539015241249527,-1.0248604975137465,-0.3337611850843077,2021-10-31
-0.4582430660224997,-0.5199384082074608,-0.5880606643459254,-0.6718030574627216,0.5135459821835795,-0.13206542448071673,-0.9156990507410881,2021-11-10
-0.43447744680458716,-0.4797685703648568,-0.5514683880966822,-0.6752470076142022,0.12891583370233808,0.21356801881378829,-1.0791930111872905,2021-11-15
-0.5243131815866613,-0.6102326020561536,-0.6916391933588234,-0.8530814280240854,0.39172565201066384,0.016502170018686292,-1.0948169780827022,2021-11-20
-0.5692788782555672,-0.612474450310966,-0.6659060484500235,-0.7920717424124513,0.5412923984788338,-0.35093360066037166,-0.2534323047606426,2021-11-25
-0.5973945476011951,-0.6575304241674459,-0.7236657605146989,-0.8966235964603436,0.4452415837744692,-0.20804116325873584,-0.4892308298953798,2021-12-05
-0.5612369137528669,-0.640380085894572,-0.7095482202223141,-0.8409590859654771,0.7007419115950408,-0.35799429082723766,-0.6427691841372104,2021-12-10
-0.5640266904523454,-0.6220641022369017,-0.6833727173849262,-0.8079990177747162,0.6291925155555238,-0.35811906134797544,-0.45778909609435287,2021-12-15
-0.648507925883621,-0.7211209285287031,-0.7755266296653216,-0.878904114783926,1.2684779086986393,-1.0357464613274114,0.2050396874698752,2021-12-20
-0.47865436416083784,-0.5213969386248264,-0.5796519931929132,-0.7923636355972205,-0.3903032202402923,0.48306379697731444,-0.6602317591530943,2021-12-25
-0.6087314924467603,-0.6845752292226371,-0.7178402093846914,-0.8421171574577779,0.7945637375760417,-0.8254331423918277,0.7456670441700523,2021-12-30
1.2315336923621962,1.2450418735335997,1.300256993330565,1.2694049076902194,-1.6078688204813794,1.53273705017185,-1.0420602031965696,2022-01-24
-0.3068195534622241,-0.3188019579834294,-0.3155392788590909,-0.2928382401715146,0.25544574699211264,-0.25037000470810516,0.15276686317427163,2022-01-29
-0.21497913543610211,-0.20798603486161552,-0.20117660698071166,-0.23879601913925855,-0.2816417825598633,0.22226584749223038,-0.0646023153437269,2022-02-08
-0.352879830753873,-0.3315149203017416,-0.3119054983718301,-0.2816686759011446,0.2817534788999078,-0.37179133771869427,0.5108447834579294,2022-02-13
-0.3396135593437066,-0.3314617941758478,-0.3050828851460889,-0.26592244873307347,0.3060793428118014,-0.427316790146993,0.6437507854780294,2022-02-18
-0.3289003229493467,-0.31668911540731426,-0.29040850931675277,-0.20798424350078512,0.4652687159225569,-0.5335221021004284,0.5912818111062366,2022-02-28
-0.34243420102303007,-0.30494909084732125,-0.27108981331205473,-0.2012519801444135,0.35998073956899945,-0.48286772583512705,0.6967016237908121,2022-03-05
0.12800120686614735,0.0810840492866022,0.09070345265796342,-0.14937349526823804,-1.5788534624558477,1.353638348026301,-0.531903793085128,2022-03-10
-0.2508950089286963,-0.20743671157640647,-0.17797605916440254,-0.17712512015247167,-0.15371146518064147,0.013188812060056997,0.3209444424275904,2022-03-15
-0.24109016065183805,-0.21300313433161536,-0.15571786970048224,-0.1238463115552711,-0.06328793973233371,-0.19421772455236636,0.8139371797471109,2022-03-20
-0.2989028373736444,-0.23252410399376733,-0.1742405604222105,-0.09166403612005523,0.18935840945327823,-0.4083499549900267,0.8957692828622229,2022-03-25
-0.22667291513381033,-0.18940532757605333,-0.14595569297449057,-0.053512250690985974,0.1694176102001924,-0.2855976120975672,0.5078375859410325,2022-03-30
-0.2811111494767703,-0.20845994853707986,-0.1466866938131286,0.015112345242382324,0.44769055267541846,-0.5985623883985619,0.8760708951181166,2022-04-04
-0.26979797104378916,-0.21396279170559457,-0.14956714480549008,-0.0027290194878545134,0.3954798202607474,-0.5762862847666752,0.939300299471653,2022-04-09
-0.2899376011654979,-0.20512912023789207,-0.13167152379537425,0.02265088113760706,0.3850765889804118,-0.6022924871258457,1.0642330039351977,2022-04-14
-0.26804486287486107,-0.18547617114019724,-0.10097989666980794,0.06449510184631956,0.3615410797185433,-0.6161575134244774,1.1817531660697183,2022-04-19
-0.24759856864998964,-0.1702993814914125,-0.10274267448619645,0.07535900529912803,0.41316360154966114,-0.5655581197695588,0.8509142713348813,2022-04-24
-0.22229691993506964,-0.1452832330534689,-0.07072061118087425,0.10727920892523744,0.3451198100092173,-0.5239005500319337,0.8869601680084526,2022-04-29
-0.02907852609672977,-0.026816825458020308,-0.03445262575512753,-0.08146671801878323,-0.60789356933403,0.6367788485583896,-0.6178701990663903,2022-05-04
-0.3303972682787045,-0.23891036019445966,-0.147872600961711,0.06516109540882496,0.6471565176101514,-0.914571315819184,1.4961416071073792,2022-05-09
-0.30734854568288045,-0.20523278531739916,-0.12260661911882578,0.12559833243160676,0.7182674718835056,-0.8955763072354316,1.2207920051230228,2022-05-14
-0.2815989597072546,-0.16915408054958242,-0.07059355208084946,0.13518129502324439,0.4472070281702368,-0.7272785435074733,1.3561350575643603,2022-05-19
-0.37638046843009143,-0.27863001438295526,-0.20239642927008136,0.09938984866797236,1.1161096797932257,-1.239317850041246,1.3915541836879846,2022-05-24
-0.19195226852638228,-0.09305784996393966,-0.015862486793816934,0.22680168817743063,0.46524857531122626,-0.5839418451671529,0.7740533439788108,2022-05-29
-0.31464646051697387,-0.17493707440268771,-0.07619355230976967,0.24991907790964715,0.884650504954907,-1.0627020365224658,1.3802976957576807,2022-06-03
-0.14831912854144144,-0.0587326048410016,0.004582088224277696,0.17117447058586788,0.15584203436341423,-0.26616937874486546,0.47542445630603347,2022-06-08
4.2762517263324336,4.128057743451542,3.9282004245801803,4.102465663487175,-1.918330834023755,2.229795165492271,-2.4606682220655434,2022-06-13
-0.11296586751562807,-0.022493587927443486,0.024100718262786272,0.31055025046686685,0.5339508863301866,-0.4617750215207167,0.15035551784858928,2022-06-23
0.21285523670272996,0.020832588624534645,-0.10540798787157335,0.0673850885331023,0.39882399242475364,0.40318411958533584,-2.31367043900158,2022-06-28
-0.10130045046968683,-0.11475579050191112,-0.15189001443004432,-0.1020329893509218,0.005250439883975266,0.2658538225430099,-0.9411830014118024,2022-07-03
-0.09272926721017957,-0.06820422840745274,-0.062163993843347275,0.14113490724963149,0.4204358173720437,-0.22925519698205657,-0.3533791369752004,2022-07-08
0.10851179514026027,0.13255236137468943,0.1259384411185407,0.370685535420556,0.20730830754366672,0.06861876369617408,-0.8031207418759407,2022-07-13
0.30630705296550476,0.28853264274674884,0.26688089988282093,0.5124749689089443,-0.013842792657133972,0.3371963063969927,-1.1242621472467804,2022-07-18
4.982003616075808,5.164911036951029,5.253394312463325,5.155460353777897,-2.3539559488768638,2.305339419511049,-1.6842726433673334,2022-07-28
0.211319957871549,0.21809314390055964,0.2326896959796892,0.18213763403264943,-0.9585316312339202,0.9123707627738645,-0.6415734833674145,2022-08-02
-0.26794051217599263,-0.267321711865363,-0.2758855256906664,-0.2129751796175244,0.3409774916957135,-0.2133541868906308,-0.20066379850990468,2022-08-12
-0.22877409593222248,-0.24847274662832178,-0.2646394592528965,-0.25829967592574504,0.05587843668066832,0.056907000371667814,-0.378415600578172,2022-08-17
1.4236609107909501,1.478203877479875,1.5313070676808507,1.299872433380866,-2.1440758789895202,1.9788648272285383,-1.1588932570727968,2022-08-27
0.11685851334559473,0.15659240328448534,0.19109052769985094,0.2943937626234591,-0.36603620411060045,0.3628715002933494,-0.32239180253725647,2022-09-01
-0.1654743632915514,-0.1200851459120276,-0.08691199084806744,0.16822645697137636,0.6612920464382028,-0.5626607374343688,0.16428945156248603,2022-09-06
-0.309913181305206,-0.2867978228050886,-0.28281565317279356,-0.21827165268900822,0.3656984029045644,-0.3131004790041196,0.0785842713951577,2022-09-11
0.255192018198607,0.19959438413068714,0.14500531711800094,0.14647821983658688,-0.6658222879921925,0.9389734491342968,-1.4455340142466295,2022-09-21
-0.00040142096848939837,-0.004253289574347965,-0.011182980551316606,0.12340203156777212,0.0680080709163454,0.12574202477127722,-0.6393368059190825,2022-09-26
-0.09984291917068634,-0.07702794541817178,-0.08360523490698152,0.06992813444148901,0.27979980043288316,-0.07003950665634325,-0.5274076451346161,2022-10-01
-0.07244531074516636,-0.08789608106631651,-0.09008099688082322,-0.056976889501481526,-0.18324888144609572,0.2592492611342544,-0.44360078542594317,2022-10-06
-0.275985538665141,-0.3281204367049369,-0.3692117490942595,-0.6068423951075743,-1.0271339548683087,0.97931368719889,-0.6888719327599867,2022-10-11
-0.28055997985608444,-0.274866643074934,-0.2721425813746128,-0.12367822461123631,0.7030400308087862,-0.5545708746016411,0.024246025162996794,2022-10-16
-0.37534082861744233,-0.333738255323762,-0.30686016442737496,-0.13851199210357892,0.8837595644776267,-0.8699619407516433,0.6615470029831667,2022-10-21
-0.1933188444208542,-0.1979727741982481,-0.1973370998541168,-0.11163779614483645,0.2536921887246485,-0.14935966507633067,-0.19155074916100615,2022-10-26
0.0018849464494733706,0.054147037850542375,0.05906743344315377,0.07621497639278457,-0.4895281044221345,0.5277797166260025,-0.5571559373458064,2022-10-31
-0.04187316391313528,-0.041615356830426345,-0.049276157993098965,-0.08902337356638368,-0.5548038678837341,0.589792633951696,-0.5969537004030222,2022-11-05
0.0993372082394016,0.09892337073284457,0.06594156163510768,0.06034610821199102,-0.5867370255239713,0.7707443627245255,-1.1051205046462451,2022-11-10
-0.20813108227914792,-0.25053338690476695,-0.281148272089902,-0.3776896194118713,-0.4079030826205112,0.48819074108186755,-0.6327406152284811,2022-11-15
-0.3053385891988138,-0.2950132078953419,-0.2837408175132518,-0.2449499297790234,0.2509985148979738,-0.27127295131825574,0.23779412162803537,2022-11-20
-0.3126665961822352,-0.31951532848662956,-0.3088025877255302,-0.27876699462720284,0.2729222506021909,-0.30540624970426655,0.29915495886322824,2022-11-25
-0.2259555328442954,-0.2043354732126264,-0.19254923122201875,-0.22237744164642395,-0.26273438381157505,0.18550609993953446,0.011820718974689864,2022-11-30
-0.3178365239835742,-0.3214581579769007,-0.2983198144377173,-0.29548345812445787,0.1185214682509235,-0.2577321529755697,0.5463700607981465,2022-12-05
-0.3084083352424553,-0.3024745901884662,-0.2944847381492055,-0.3504410804469863,-0.17602542457265985,0.06572672481285326,0.1970121179518537,2022-12-10
-0.3294723958264573,-0.3438180945676423,-0.33398987019227017,-0.3503124491632315,0.11313528158269319,-0.20026691726968243,0.35711937136631655,2022-12-15
0.08038481267715253,0.1081737910694155,0.18463604164434472,0.10803377816661208,-1.0037171899326653,0.6711716805751106,0.28734537345139693,2022-12-20
1.0414530233394241,0.9872877145594879,1.0061661373581163,0.7341102608013159,-2.1221314807358884,1.967072909720406,-1.1747262719453857,2022-12-25
-0.24328158595500668,-0.2567106920443925,-0.2650313052877393,-0.4463171508431014,-0.8795849789772746,0.7251013743660857,-0.22015657563685626,2022-12-30
2.336299701086785,2.567547726226654,2.8197381994447808,2.9894462085394404,-1.7119384132944322,1.477628244526329,-0.6049394006183424,2023-01-09
-0.14214790998504728,-0.1644985783641579,-0.14832470605489753,-0.28127488541281015,-0.8195613383619949,0.61605579264869,-0.006348832212961271,2023-01-14
-0.38069205085394203,-0.37225079289531027,-0.3491494138774535,-0.43642775112494686,-0.2131180089981026,-0.05584401463431089,0.7255323102960921,2023-01-19
-0.32911284156267556,-0.33625643736193983,-0.322904750827881,-0.2764193762140513,0.38645951521426447,-0.42106724547757524,0.40294722756481166,2023-02-03
-0.34648344797778385,-0.33200359072455937,-0.31832706174673814,-0.288496508853068,0.2962901906112567,-0.3505014002389069,0.3957567283253981,2023-02-08
-0.31980362178401667,-0.31661921204658217,-0.29386451675248076,-0.24715805673869015,0.3125145154236763,-0.398546510737502,0.5229628814941042,2023-02-13
-0.23951695869151288,-0.2277662853774641,-0.21370636718544336,-0.23822233447082428,-0.1964609742296396,0.10701549722012804,0.1079578593732565,2023-02-18
-0.349103255093829,-0.33351208385128495,-0.2965531618665848,-0.23344326851125088,0.39425648369789745,-0.5535732438660644,0.8594295339929879,2023-02-23
-0.09401735990040266,-0.08192262682461042,-0.015429869662459725,-0.3514040267101099,-1.951597162133377,1.311398492993397,0.5816340594230767,2023-02-28
-0.3354918172359085,-0.31083865509104375,-0.2692997810447019,-0.22201243473662904,0.25444851610295854,-0.4490488539346999,0.864364186564154,2023-03-05
-0.29404901159515934,-0.2541032024710101,-0.21054503807419822,-0.16537879961962004,0.10921096168677358,-0.2952128043061362,0.7060170140723793,2023-03-10
-0.2791628179960754,-0.2519836453301252,-0.20631030002074388,-0.17208089498831777,0.052055502355809406,-0.2604465383718815,0.7370447164561953,2023-03-15
1.4782334448894883,1.2613917072069163,1.099440375459359,0.766507133414632,-2.313869751170877,2.543159332571434,-2.5008478166842556,2023-03-20
-0.16240659479440572,-0.166819352962894,-0.14912773666554494,-0.07678942397078642,0.0934337151719152,-0.08970380062898013,0.02370228829977786,2023-03-25
-0.3526474574028299,-0.27891307993811615,-0.21927774662952546,-0.08066083490871169,0.5259969139377806,-0.7146211030876337,1.0860688255839093,2023-03-30
-0.3253570544242012,-0.2692037906043739,-0.2136066389447801,-0.026085854401266012,0.7095701537579152,-0.8235913265956719,0.9759675894388635,2023-04-04
-0.2457609712982864,-0.20008500229226875,-0.16242214287336074,0.0012275045769357962,0.49095016525545115,-0.510945715115223,0.44033732630264477,2023-04-09
-0.2246513078467242,-0.18432072302266864,-0.13619802434396167,0.034740773685982974,0.4595066659897293,-0.5236352021866021,0.5714195758451279,2023-04-14
-0.1901007742412984,-0.12684468908747323,-0.08185597203818011,0.01659547457180984,0.06368017590418702,-0.16511655653852192,0.36587257702917336,2023-04-19
-0.2658200702637724,-0.19592254570335618,-0.1340738861699361,0.0849287166079143,0.6371891902361797,-0.7312206783110079,0.8368005337840175,2023-04-24
-0.20524906168967932,-0.19472196316857054,-0.1877103383354164,-0.017272376071483374,0.577563518198896,-0.42579840382199824,-0.09099187003680646,2023-05-04
-0.22785019383697377,-0.16878353637512064,-0.12776807684812172,0.11961443345196353,0.7274139501947315,-0.6822381960622665,0.4107906998519826,2023-05-09
-0.2532038572073417,-0.1845560096315324,-0.12113629444458476,0.08848260699068754,0.5723234104704881,-0.679517790191891,0.8271309197279385,2023-05-14
-0.20654703461549812,-0.13382856831905826,-0.09070359882362591,0.1444626705078464,0.597872778475898,-0.567982836629956,0.3540531874420008,2023-05-19
-0.2710520722293642,-0.17750515835205682,-0.12887283233548402,0.1371547743196729,0.7979644228504402,-0.7772165103704505,0.5603637867099281,2023-05-29
-0.1966923027527464,-0.1372127472002614,-0.09526981730631233,0.19569440898236054,0.8074382589574663,-0.7243091740811722,0.34383415032958364,2023-06-03
-0.2322055143047077,-0.14504278318901978,-0.09076879259098977,0.16031472647714448,0.6554488420738026,-0.6694307960095169,0.5612459818521638,2023-06-08
-0.17674314846222094,-0.09843653295288947,-0.046932856763003045,0.15732535746273796,0.3923861811332808,-0.42362096604834903,0.3960126761665834,2023-06-13
4.5908264887564005,4.653645800842885,4.636952845964078,4.625590226081619,-2.216515672076267,2.280252552969981,-1.9296976026068842,2023-06-18
-0.20764835134766407,-0.1429505079824819,-0.1249339777367437,0.083061765453409,0.5748998178030931,-0.4430579040820975,-0.024060597630048426,2023-06-28
-0.06224772342932921,-0.05435350717894492,-0.04422455686206861,0.14311704369065062,0.32544697362432196,-0.16741997993384874,-0.3167892655735632,2023-07-03
0.5304035761748815,0.42544863280795103,0.35092660642183227,0.039370559461224475,-2.031111955691235,2.0838268564812967,-1.75932453554056,2023-07-13
0.774438007377322,0.7847841904199238,0.8174020795337055,0.6954944842289132,-1.6219181132594982,1.5153535471655564,-0.9516755241899394,2023-07-23
2.4709581660632525,2.2949727478077406,2.1982365477555135,1.4249088215330306,-3.35743696587903,3.2021032515961356,-2.109706734625824,2023-07-28
0.3599538156381295,0.3838874339031257,0.4289707457479592,0.40294141901263136,-1.0646400375225493,0.947931698621975,-0.4912570295156279,2023-08-02
2.342929635135291,2.0221632934221785,1.8751085488518442,1.2566727813226777,-3.055005962339882,3.0545203276535373,-2.3563490148215775,2023-08-07
-0.17967783039450302,-0.126406135472511,-0.11016934788356803,0.10624892104644722,0.5727945142504169,-0.4232002323183266,-0.08739195262607544,2023-08-12
-0.2718740513109747,-0.17099746182938316,-0.1317270650596547,0.16527782251361361,0.9161466248297178,-0.8191429598804659,0.3880257018864953,2023-08-17
0.9964472512849885,0.9726116169281532,0.9507028402082605,0.9961889017285732,-1.2435112897931146,1.391585872827066,-1.477086745333131,2023-08-27
-0.2202518405694168,-0.15706108745607364,-0.12219333203861191,0.10443436641343817,0.637991273806767,-0.5777014567679116,0.2801892043107695,2023-09-01
-0.16436673842401092,-0.17915028637138936,-0.21005936592292665,-0.1957464465119131,-0.028097106983722094,0.2340336377625364,-0.7536923262743558,2023-09-06
0.2637147836751853,0.3028040345170348,0.2894027492576915,0.5229058764873891,-0.08343701746168361,0.3655166968524099,-1.0435001177363514,2023-09-16
-0.27802692761025277,-0.25208465058545687,-0.24155219113107035,-0.048271907356202126,0.8053465889270734,-0.6561906749950547,0.10751113491168843,2023-09-21
-0.350563529598911,-0.3141173698023502,-0.3060098667329359,-0.18720605052940426,0.6680155095803305,-0.587164263131148,0.23279885424368543,2023-09-26
-0.26648634795385134,-0.24188299399448807,-0.2301447510063666,-0.028307784164655674,0.8092583731621332,-0.6578446217366397,0.10284535379763392,2023-10-01
-0.3101542904102561,-0.2717453114907957,-0.2458389586339464,-0.07336165397361157,0.7325024994836239,-0.6945453695929833,0.4411112223644582,2023-10-06
-0.30826454606688136,-0.28371103719783186,-0.2529541837615071,-0.08154317094271568,0.7469986901787712,-0.7406510901326296,0.5678308764914948,2023-10-11
1.1833174333850356,1.2032559133678535,1.1760807023479594,1.4076112166216892,-0.9439628039142147,1.197022605464297,-1.5852925267104676,2023-10-16
-0.23423029827953512,-0.23067687216343996,-0.22119131047587381,-0.057922267123372985,0.6314766746672761,-0.5031832149460864,0.03521264355115906,2023-10-21
-0.3433630875654513,-0.3164185379484384,-0.29692363901954016,-0.1453212818228665,0.7844016452593108,-0.7389986693008094,0.45937482857655426,2023-10-26
0.11377271941598936,0.04848445954529581,-0.032074978101292145,-0.05310527212551989,-0.5036654230048944,0.895670544069245,-1.697682096067535,2023-10-31
0.16361603337421432,0.22424327187752155,0.24216580815456226,0.1969047521138884,-0.949439413378348,0.8956840094995094,-0.6096291344782168,2023-11-05
-0.12260232902853196,-0.11083624552961055,-0.13359207773663795,-0.09433034286498776,-0.07569290549278922,0.26124226124322675,-0.7232410145155189,2023-11-15
-0.13698867371207216,-0.09975929150570373,-0.06976772714720816,-0.06072691640493303,-0.31818647178644466,0.21102251868731536,0.06956174926899437,2023-11-20
-0.008884294570113227,-0.016768872366843122,-0.03445321919368484,-0.058656505021934424,-0.5130430356272311,0.6120119811535027,-0.7747588772306194,2023-11-25
-0.3079149026781167,-0.28566014495911385,-0.2829547440485069,-0.24410080784056154,0.24935758901943658,-0.21672095901707986,0.05179966675193753,2023-12-05
-0.26529494415140153,-0.2737314782198295,-0.277756454075598,-0.233376693519786,0.26186161806481134,-0.18154809515061882,-0.10260175556474961,2023-12-10
-0.38575102874653366,-0.37140002083080526,-0.36275092326420005,-0.3525546924291091,0.31902764272528594,-0.37564309198349227,0.42365888062139007,2023-12-15
-0.276841355402388,-0.28505378993499714,-0.28300117870525415,-0.24384822402541767,0.2508425743980837,-0.21389368603189324,0.03806819338205682,2023-12-20
-0.3645887150345027,-0.3488113833344442,-0.33647403921781377,-0.3348628612158035,0.20751069807804556,-0.2908266760496235,0.42350705555250157,2023-12-25
1.3531338578472412,1.4814655824702756,1.6391938595768591,1.721945078583271,-1.4993860744595942,1.2891300264990566,-0.5196451235669524,2024-01-14
-0.3009685334845349,-0.30013410474777646,-0.2539845302042561,-0.3341079764555598,-0.3801703258166462,0.018983535665410962,0.9129651108378377,2024-01-29
-0.055442134228984204,-0.07768175589645583,-0.05677252051856521,-0.21785068374155925,-1.0763024401940642,0.8439415055166495,-0.11373556258127582,2024-02-03
-0.340228846517303,-0.3418449443818517,-0.3198776347651399,-0.25040000294183445,0.4848004406932536,-0.5486920002642784,0.5925586638478548,2024-02-08
-0.1269333354519485,-0.10765611294169133,-0.06988517364631108,-0.037831584674261336,-0.22374764116085274,0.09923916113550699,0.20697936027412597,2024-02-18
-0.34098057266481385,-0.31111999000154994,-0.27909105451302507,-0.20670611631355548,0.39142226714485767,-0.5029097444137027,0.6829630962988796,2024-02-23
-0.336387008237457,-0.32029575554334383,-0.29050436917003675,-0.22434349274171375,0.39253279244614103,-0.5005947596865126,0.6715459096299775,2024-02-28
-0.3312394468878978,-0.2922022696861203,-0.257013047087621,-0.1436937850245783,0.5142595549068125,-0.5947843818892705,0.6784750128512057,2024-03-04
-0.31349421356931256,-0.2877394047695491,-0.24868908355775787,-0.14491555921619956,0.4524137442054577,-0.5636518091746427,0.7355935013218916,2024-03-09
-0.351873473085967,-0.2903712686718961,-0.23520139806308263,-0.1509830487784966,0.3354017839635236,-0.5599159798538035,1.0463824145991365,2024-03-14
-0.2865909102797427,-0.2502781122296065,-0.19993187045980385,-0.12813785957183174,0.20056901215289757,-0.39466598942310205,0.8150490027830531,2024-03-19
-0.1209257659574666,-0.07323330358667551,-0.008283395198210433,0.09823672761068873,-0.041906599842375644,-0.13288431561110622,0.5360389588677159,2024-03-29
-0.22220198042788636,-0.18631033498111782,-0.1355652957415173,-0.01924838767445072,0.243722878814413,-0.3736587608293859,0.62096071745032,2024-04-08
0.05184381014109194,0.039544446349263275,0.008322147274336304,0.18710584106704867,0.1926374540606902,0.14819233233651963,-1.0260335825958637,2024-04-13
-0.2698904760207639,-0.28757403834606665,-0.30533060626528347,-0.2674365300049769,0.3008206471921673,-0.14617440493130715,-0.32500893977035045,2024-04-18
-0.1519232163183604,-0.11592319826877091,-0.09729569937480624,0.033415412457261276,0.22035267147946833,-0.1588553707820015,-0.07170171586081775,2024-04-23
0.594586500572149,0.4941774310918723,0.3694857796065099,0.5544425758461903,-0.3378492918021469,0.9569492324121794,-2.2697424069343723,2024-04-28
0.7398564109396153,0.7338411217194529,0.712674435289185,0.8379661918496485,-0.8611809006452475,1.067023854167952,-1.3774478433935755,2024-05-03
-0.25951812828938775,-0.20736273703281086,-0.13926130619929117,0.01631468520462165,0.4067518435214235,-0.5960164360790952,0.9805327056257671,2024-05-08
-0.18366629558188016,-0.14813098780253214,-0.10861134627094661,-0.003544848323623765,0.14288540098447788,-0.2159853071393494,0.3327322273321964,2024-05-13
-0.2216617089886841,-0.18543144242642617,-0.1333292523751848,-0.043693827427060884,0.13161504203969368,-0.2941390178809096,0.6410286783191155,2024-05-18
-0.2803816473403247,-0.20112971630074078,-0.1309405713487227,-0.007514417233233551,0.26215077322929975,-0.49056334349800573,0.9949948847642893,2024-05-23
-0.22224937896111932,-0.2104325901595945,-0.1791634770768027,-0.12763353604372518,0.06889542975478834,-0.16741721124437092,0.3599942566016013,2024-05-28
-0.25124460114310854,-0.15989179768779355,-0.08193675099621343,0.06952233741518543,0.26849779401494256,-0.4934073023739928,0.9877959531159278,2024-06-02
-0.2291116328380599,-0.1315149636977676,-0.04134937889812991,0.13207682176837274,0.2687739379374196,-0.5218067680789992,1.0917077547090355,2024-06-07
-0.21310390798546738,-0.13311262364444637,-0.0611630752459863,0.058057641176681,0.10417536210959051,-0.31978126905431387,0.8085366470954736,2024-06-12
-0.24129291083086502,-0.1374916368008753,-0.0456623858937555,0.10494500694536514,0.19278672583082943,-0.4767712583927533,1.1376412953425066,2024-06-17
-0.2884735146600431,-0.17958022805994386,-0.1010562146508897,0.04936220921163216,0.30418630829479354,-0.5405680425606006,1.0620930018064045,2024-06-22
2.0947266395737043,2.036703778258378,1.9633292577834849,2.066101820914279,-1.579587425014837,1.8127505912404933,-1.9831627211222989,2024-07-07
-0.11490243704391147,-0.07145253638809973,-0.04678251177929615,0.276126915343833,0.8065582350719049,-0.6065597656955978,-0.06971453423513953,2024-07-17
0.834589847151834,0.8054237851593308,0.7611809312097735,0.6844124955598281,-1.4612213889396424,1.596943781902312,-1.5981294179561787,2024-07-22
2.0732532242576074,1.9831984740862194,1.9729919762451598,1.4553738562047407,-2.8236413292752465,2.6526430054699865,-1.6543911383108918,2024-08-06
-0.22264069717841267,-0.18968407302000778,-0.19751221771382943,-0.03794366625414167,0.5579568209816632,-0.3351373279825432,-0.35084100325548584,2024-08-21
-0.11104558642536108,-0.09502008362868634,-0.10357191020581175,0.12198593547127252,0.5916281492722987,-0.30833605007241666,-0.5288166217873305,2024-08-26
-0.2770562831217242,-0.2579760770120046,-0.2720774903340957,-0.14187823643066527,0.625478897202362,-0.39531588460207323,-0.32163135012052957,2024-08-31
3.4237367622531756,3.550373904012542,3.671443208372306,3.306545290627932,-2.58834881403904,2.390321999942534,-1.3907556626310082,2024-09-05
2.2556241236677725,2.1694055579608613,2.0905783162995046,1.6843698914023908,-2.591263170155897,2.593738201572927,-2.0188431095236785,2024-09-10
0.19217185854532723,0.15915796391876877,0.1547170991097899,0.14507306699475006,-0.7191123045444457,0.7791239149985996,-0.8050289947232703,2024-09-15
-0.30512542389811925,-0.2820556732910113,-0.28985464436850855,-0.11137237188401541,0.8776141843889805,-0.6370016390236056,-0.15236474079830958,2024-09-20
4.948790762130822,5.176154442588331,5.348056788423701,5.3447066803982235,-2.265414108949455,2.1703494149411773,-1.4727033772896387,2024-09-25
1.4281330564059276,1.3418249447694524,1.2492860285918124,1.2034056469236987,-1.621980768223149,1.864758164122229,-2.0428132831280803,2024-09-30
-0.29364794124112936,-0.281937499245355,-0.27181214986288554,-0.12764875231082015,0.684021335897277,-0.5843126532998738,0.179661324333047,2024-10-05
-0.33925004705337347,-0.3105417049936659,-0.2910803594433041,-0.13598231114639228,0.7829074477108107,-0.732498109356591,0.4400494062463213,2024-10-10
-0.30338172463921814,-0.29923638196859614,-0.2846776171547111,-0.162564051695302,0.6243414109070885,-0.5763108122300605,0.31210743885248327,2024-10-15
-0.3222803581211382,-0.29428627366540905,-0.27246705854970366,-0.17182567590247896,0.4991021178331492,-0.5153809740144591,0.4340639119064216,2024-10-20
-0.3334978620267707,-0.32976814233708884,-0.31206157143842006,-0.21284537647935356,0.5980506398598894,-0.5999131074814075,0.4677211171538665,2024-10-25
-0.26777484221606784,-0.24573805696706272,-0.229888369419784,-0.20151137386604048,0.07784546708803027,-0.12455722247952503,0.18588303039379175,2024-10-30
-0.09224918006963381,-0.08196604283332093,-0.0751286625823808,-0.08117278492041008,-0.37168276169562364,0.36571036928947526,-0.31742488072360703,2024-11-04
-0.16018635930834502,-0.14877691822667413,-0.14854071768905186,-0.20115984353689942,-0.44723943686506845,0.41745953166785155,-0.2971936033085564,2024-11-09
-0.11803506691481917,-0.10140627482505067,-0.08356806689090732,-0.09263682514472195,-0.3700448148277786,0.3041117849920186,-0.11343328025140377,2024-11-14
0.06288261483576014,0.07735928060794686,0.056667981379563644,-0.02990671401690846,-0.895580016800638,0.9511113089256474,-0.9244337380238269,2024-11-19
-0.28236716236667936,-0.29524069436715056,-0.2853723482004399,-0.30167453321719373,-0.003283619673293494,-0.07023566386632599,0.21201088993881675,2024-11-24
-0.2813502112817487,-0.2681449060346388,-0.24888965475270552,-0.32233752815897626,-0.35758122013570703,0.17197752710343356,0.3089075662002312,2024-11-29
-0.37956594259237536,-0.3956030813606827,-0.3824667990343906,-0.39519220301813,0.25788775623682814,-0.3796364440697568,0.6038155070925518,2024-12-04
-0.285458103719104,-0.27110887628717456,-0.2667710854498975,-0.26493758078969576,0.03977863728867768,-0.05472689350344539,0.04424236477534909,2024-12-09
-0.3486654017882784,-0.3646561505813696,-0.36570124082193395,-0.33177575882942356,0.4432324008352429,-0.40753764815377985,0.20243135857362562,2024-12-14
-0.20256774560892357,-0.14612210167826747,-0.1056796367049954,-0.149289219107425,-0.48065165416793376,0.2561814331108976,0.3424408298960429,2024-12-19
-0.06152993793806436,-0.04782583520846182,-0.014130802101392692,0.025152358581643986,-0.29011315310002517,0.2051251446278747,0.016208319336340375,2024-12-29
2.7491841336580976,2.6996074344678482,2.756952230490095,2.5136378329522606,-2.346579471315496,2.233117986982482,-1.475686338163239,2025-01-13
-0.3303844851208925,-0.332800053202013,-0.3414968802279534,-0.32515218331360846,0.29219817492241046,-0.22221123700406292,-0.04226517806851676,2025-01-18
-0.33900764033622544,-0.359114414558282,-0.368911425887149,-0.33149574577118607,0.46920310584125463,-0.3715509081268517,0.00747095587107571,2025-01-23
-0.33979268131349954,-0.3440749251405274,-0.3458342322125558,-0.31428974429653084,0.3770252417740142,-0.335485586474007,0.12657691024953724,2025-01-28
0.05011559193885484,0.05640317290965126,0.10030941793326999,-0.05593272439933048,-1.2305553506125797,0.940087492523004,-0.03994463666721656,2025-02-02
-0.38210357836529113,-0.3800910613301508,-0.3699799913859306,-0.3261710013933179,0.5031577780058519,-0.5323998502690966,0.4839293540750093,2025-02-07
-0.358875925459035,-0.36307547282435537,-0.34858103430508636,-0.3144543946844647,0.3968651140405176,-0.46046670886795693,0.5153320323781937,2025-02-12
-0.21556103574469831,-0.21357467189018628,-0.17576538168813718,-0.36241969066198815,-1.0427703587838375,0.6452957988879513,0.4810295414061579,2025-02-17
-0.31122634193152504,-0.3039477458150152,-0.28720207845081125,-0.24203694283697919,0.28876438119564973,-0.3368748393029533,0.36774628865855963,2025-02-22
-0.3282147508984238,-0.31291951400796203,-0.2840972236352811,-0.18626377763358684,0.5170169341047055,-0.5828092057985211,0.62753384942268,2025-03-04
-0.2619620067804593,-0.2518824802406206,-0.20294295943663868,-0.3420828902408277,-0.7638876785034268,0.3436664364642158,0.7952426093504014,2025-03-09
-0.32462482374948054,-0.307280293669884,-0.27012016654941023,-0.1958277229496978,0.37734869767167883,-0.51562906824312,0.767772239985656,2025-03-14
-0.3103259243009926,-0.2735037149060568,-0.23594373790793707,-0.1462041749846974,0.3609570343141808,-0.47356476950979093,0.6604044072712869,2025-03-19
-0.3232385004663932,-0.2901319617364948,-0.2383773143864258,-0.12915021537650928,0.4501429784267682,-0.6291027915949533,0.9815579767669612,2025-03-24
0.049532946505601576,0.08025924224522163,0.10114000693050758,0.24474505674345376,-0.09258387404642934,0.17192651833085612,-0.38339431263020113,2025-03-29
-0.26280229552405504,-0.22458476743258743,-0.18386514175463142,-0.07850413599581545,0.30527867586766233,-0.4044188221094734,0.5636583681078015,2025-03-31
-0.2676966311811467,-0.23535808317845858,-0.18154117651855334,-0.06723011560971098,0.336836547360065,-0.5011513987775886,0.8267909268193173,2025-04-03
-0.3008459816654618,-0.24857163388967496,-0.18955505015011737,-0.138190391721217,0.0903656187439503,-0.3520758050009191,0.9641267105652221,2025-04-08
-0.33705216758865064,-0.3090929072538104,-0.25845402074936336,-0.18028397020479187,0.3655103573530614,-0.5788208415339663,1.0321325316642584,2025-04-13
-0.27131607354562937,-0.20272683365246447,-0.14382844158274966,-0.046271429023346945,0.18573207577533485,-0.3816279527562174,0.8085505513304154,2025-04-18
-0.24635025114415915,-0.15155073781711653,-0.09134631570161311,0.0758185195406168,0.34754819149426247,-0.4674138923325072,0.6749168312332654,2025-04-20
-0.22261388866241105,-0.18108477733581357,-0.1333594837822215,0.07953235760194956,0.6126400515365672,-0.6353857851179395,0.5555295470249382,2025-04-23
-0.24263417954099112,-0.19224658150987461,-0.14077792841965478,-0.04316807104357685,0.17950480725657714,-0.33318022721116286,0.6506653443766162,2025-04-28
-0.2351523613575872,-0.22465600873535532,-0.23033916368446214,-0.027373804980544623,0.8142475559488296,-0.5623755894497379,-0.24323511281297205,2025-05-03
-0.19611344682922657,-0.15703912746435025,-0.12697800934663367,0.025384312355980553,0.3671772329310486,-0.34958188018009106,0.20221493530133572,2025-05-08
3.8249223720083734,3.651164417926724,3.413353029413653,3.1394278132383495,-2.4473092923552695,2.681641950564287,-2.612581723179216,2025-05-10
-0.24023757743686194,-0.16260047529338434,-0.10306661170861091,0.1454114332037654,0.6739845090934588,-0.7206708807383981,0.6962652212476814,2025-05-13
-0.25242259530936023,-0.16013548094402433,-0.10262262670564207,0.10880439350500143,0.5374479737348188,-0.6062052440706964,0.6561645992686764,2025-05-18
-0.19225604665679544,-0.1531375034206958,-0.12216274957743685,0.0435060077022202,0.40806073056779685,-0.38221552266028974,0.20752543495988635,2025-05-23
-0.18055449953977235,-0.1275409913658681,-0.10231714805414341,0.11908613864525507,0.5735555780887378,-0.4651326332107529,0.05645444624965445,2025-05-28
3.6741694250274377,3.0582259599210286,2.726251109621113,1.9730447454590103,-3.2387377113670817,3.4166257276988277,-3.0293341645253284,2025-05-30
-0.25984181585073285,-0.15823270712105017,-0.09036084603328123,0.20121327902154335,0.7981557627726771,-0.8480317718257177,0.8187954427444287,2025-06-02
-0.22222843919814983,-0.14599532144188085,-0.08990955893444204,0.12028157287298329,0.5049124935792675,-0.5640474136189002,0.592922565052174,2025-06-07
-0.1481476850062606,-0.11166488400259862,-0.0796091788592766,0.014856323341966692,0.043679980084609556,-0.08180050083715577,0.12770732586969802,2025-06-12
0.6909708742166758,0.6061297549157955,0.5316369614639094,0.524154469783029,-1.0937733924566042,1.383279841620673,-1.8057680629543298,2025-06-19
-0.21389558304940934,-0.1281975893827141,-0.08756463190344128,0.1657958280409594,0.6563982712324451,-0.5974568674312549,0.300663503327661,2025-06-27
1.1131882880899608,1.0571794991687895,1.0199614732007491,0.9045898083919239,-1.6986396924529046,1.784364317209567,-1.6170272574545743,2025-07-02
3.9365941813823437,4.087043581973828,4.2303271109862495,3.9936674208894107,-2.4477330476854595,2.2882995064100724,-1.4067086876703012,2025-07-12
4.768352744436013,4.220845916314976,3.9308982794531526,3.5291851793132683,-2.6455829383890204,2.869685906627349,-2.7267188861011817,2025-07-17
5.169083483294595,5.179670289649053,5.154395238839028,4.995710961751457,-2.4107354566361576,2.44258609520746,-1.9751451683549264,2025-07-22
1.1135455734067927,1.0260679938716688,0.9622581017170911,1.0378604576661403,-1.1742621504765156,1.444742307151417,-1.805356820982418,2025-08-06
4.513138157153052,4.024172603643317,3.6807453798012815,3.106285831342828,-2.883799715910302,3.111707984616469,-2.9127769995863164,2025-08-11
1.134689507051357,1.0210061198024918,0.9359361328956504,0.6365251342725642,-2.1825205388541518,2.2650083544820645,-1.962156705803037,2025-08-18
0.944113488218744,0.9609098152957699,1.0047525229966392,0.9068951702139442,-1.6455344835100842,1.5394876227247838,-0.9712451332814208,2025-08-21
0.6194085624817568,0.6009405381315979,0.5972157456482107,0.6704906122653356,-0.9080295084911776,1.0321326386171543,-1.153581046197848,2025-09-05
2.5398058622073605,2.6142033013649666,2.6684834952301584,2.4559482948194398,-2.2859643965156606,2.185801707907379,-1.4720667736449415,2025-09-07
1.06617520497215,1.099092373020989,1.1304890900151678,1.1386834969556674,-1.4370231926136594,1.431703066543628,-1.1366788229987794,2025-09-10
0.3814647965148013,0.39180202905207356,0.4020432174523277,0.5245491242527658,-0.5670889383915881,0.6808434235110405,-0.8640311504715595,2025-09-15
0.14241785328569845,0.10111171927806348,0.06032122138774942,0.09344501133231722,-0.4305809361093015,0.6831123845703548,-1.207552294836247,2025-09-20
-0.29559692364655615,-0.25768288837098646,-0.24543317570736747,-0.07618480520019913,0.7182424204548831,-0.602804509386851,0.15302391317610037,2025-09-25
0.28440812323005665,0.3277100537685574,0.3336260302414025,0.48716694745809536,-0.38966603058644406,0.541409531322309,-0.8526845180359557,2025-09-27
-0.050303547948279466,-0.06800624701803008,-0.09843926183837302,-0.07151234944803565,-0.19350280032591038,0.40449570581952127,-0.896388731002611,2025-10-05
-0.31997282538191213,-0.3007372676769799,-0.28898028312269175,-0.07359636943008534,1.0266448420660061,-0.8683466057067862,0.2634725839998507,2025-10-10
-0.3251603493378558,-0.3083573331838456,-0.2994852127233789,-0.1987950107403819,0.5704459720964377,-0.5123597248568278,0.2307032297125687,2025-10-15
-0.3197673636140765,-0.3000874966441514,-0.287878450681032,-0.14641253008833524,0.716110088395096,-0.6342575668539568,0.2701415074689018,2025-10-17
-0.2172007536075488,-0.22452247646111465,-0.216660802731321,-0.1490764987313961,0.22030017337026303,-0.17730188975345423,-0.007960888943163639,2025-10-20
